planet_name,radius_of_planet,planet_mass,orbital_period,transit_depth,orbital_eccentricity,effective_temperature_of_star,radius_of_star,orbital_inclination,impact_parameter,transit_duration,ratio_of_distance_to_star,ratio_of_radii
55 Cnc e,2.08,8.667004615384615,0.7365437000000001,0.041,0.06099999999999999,5234.0,0.94,87.29999999999998,0.16,1.596,3.517,0.0202
AU Mic b,3.9569999999999994,22.221566666666664,8.46308,0.2379,0.00577,3678.0,0.7399999999999999,89.579,0.134,3.4927000000000006,18.79,0.0488
AU Mic c,2.522,14.899999999999999,18.85969,0.097,0.00338,3678.0,0.74,89.227,0.3,4.236,32.05,0.0311
CoRoT-10 b,10.87,875.0811,13.2406,1.61036,0.53,5075.0,0.79,88.55,0.85,2.98,31.33,0.1269
CoRoT-11 b,16.03,777.085875,2.99433,1.1449,0.0,6440.0,1.37,83.17,0.818,2.5009,6.89,0.107
CoRoT-16 b,13.11,169.08203500000002,5.35227,1.02,0.33,5650.0,1.19,85.01,0.825,2.39,11.2,0.101
CoRoT-8 b,6.39,69.28629000000001,6.21229,0.651,0.0,5080.0,0.77,88.4,0.49,2.74,17.6,0.075
CoRoT-9 b,11.77,266.33974,95.2738,1.55,0.11,5625.0,0.94,89.99,0.01,8.08,93.0,0.115
DS Tuc A b,5.7,413.179,8.138268,0.2936,0.0,5428.0,0.96,89.5,0.18,3.1764,20.35,0.05419
G 9-40 b,2.025,11.7,5.746007,0.365,0.0,3348.0,0.31,88.57,0.672,1.3368,27.0,0.0605
GJ 1214 b,2.733,6.9487499999999995,1.5804045300000003,1.343,0.0062,3101.0,0.22,88.98,0.264,0.86966,14.97,0.11589
GJ 367 b,0.718,0.5895,0.321962,0.0212,0.0,3522.0,0.46,80.75,0.55,0.615,3.41,0.0143
GPX-1 b,16.477,6261.21962,1.744579,0.9,0.0,7000.0,1.56,79.9,0.82,2.09,4.67,0.095
HAT-P-11 b,4.803999999999999,25.694674,4.887802294,0.43330199999999996,0.0,4775.0,0.762,89.92399999999999,0.0322,2.364506,16.70872,0.057898000000000005
HAT-P-12 b,10.749,66.21262285714286,3.2130598,1.977,0.0,4650.0,0.7,89.0,0.211,2.3375999999999997,11.77,0.1406
HAT-P-14 b,12.89,775.2285514285714,4.627669,0.648,0.107,6600.0,1.47,83.5,0.891,2.1888,8.87,0.0805
HAT-P-16 b,14.448000000000002,1335.891818,2.77596,1.147,0.036,6158.0,1.24,86.6,0.43899999999999995,3.0624,7.17,0.1071
HAT-P-20 b,9.718,2305.8889799999997,2.875317,0.9898,0.015,4595.0,0.69,86.8,0.631,1.848,11.17,0.1284
HAT-P-21 b,11.478,1366.9687333333334,4.124481,0.7341000000000001,0.228,5588.0,1.1,87.2,0.546,3.672,9.6,0.09500000000000001
HAT-P-22 b,12.106,703.7767283333333,3.21222,0.8893999999999999,0.016,5302.0,1.04,86.90000000000002,0.466,2.8704,8.55,0.1065
HAT-P-23 b,15.334,607.7038,1.212884,1.0536,0.10600000000000001,5905.0,1.2,85.1,0.324,2.1792,4.14,0.1169
HAT-P-24 b,13.922,226.165918,3.35524,0.9410000000000001,0.067,6373.0,1.32,88.6,0.189,3.6936,7.58,0.097
HAT-P-25 b,13.030499999999998,180.41896,3.6528255699999996,0.6986,0.0275,5509.5,0.94,87.91000000000001,0.40149999999999997,2.81532,10.68,0.1272
HAT-P-26 b,6.333000000000001,19.969996666666667,4.234516,0.543,0.124,5079.0,0.79,88.59999999999998,0.303,2.4552,13.06,0.0737
HAT-P-27 b,11.43,200.86409333333333,3.039577,1.43,0.0,5316.0,0.86,85.0,0.87,1.68,9.804,0.12
HAT-P-28 b,13.585,200.705355,3.257215,1.4719,0.051,5680.0,1.1,88.0,0.299,3.2184,8.43,0.113
HAT-P-29 b,12.167,246.25253600000002,5.723288,0.8083,0.08499999999999999,6101.0,1.23,87.54499999999999,0.504,3.6348,11.629999999999999,0.0906
HAT-P-30 b,15.02,238.11641,2.810595,0.8072000000000001,0.035,6304.0,1.22,83.6,0.8539999999999999,2.1288,7.42,0.11339999999999999
HAT-P-31 b,11.99,700.41063,5.005425,0.65,0.245,6065.0,1.36,87.1,0.57,5.139,8.9,0.08
HAT-P-32 b,21.1235,252.67288333333332,2.1500081,2.03415,0.0795,6104.0,1.2950000000000002,88.94,0.10000000000000002,3.11424,5.697,0.14983
HAT-P-33 b,18.898,237.73422499999998,3.474474,0.7798,0.0,6446.0,1.64,87.2,0.325,4.4136,6.56,0.1058
HAT-P-35 b,14.93,1020.2296933333333,3.646706,0.91,0.025000000000000005,6096.0,1.4400000000000002,87.3,0.357,3.936,7.45,0.0954
HAT-P-36 b,15.211,574.0604533333334,1.3273466,1.588,0.063,5560.0,1.11,85.19,0.373,2.23248,4.665,0.126
HAT-P-37 b,13.204,377.0472333333334,2.797436,1.899,0.058,5500.0,0.88,86.90000000000002,0.505,2.3304,9.32,0.1378
HAT-P-39 b,17.609,185.608635,3.54387,0.999,0.0,6430.0,1.62,87.0,0.349,4.188,6.74,0.0993
HAT-P-40 b,19.392,177.55821,4.457243,0.4040000000000001,0.0,6080.0,2.21,88.3,0.17400000000000002,6.1368,5.919999999999999,0.0807
HAT-P-41 b,18.887,284.85238749999996,2.694047,0.771,0.0,6390.0,1.68,87.7,0.222,4.0896,5.44,0.1028
HAT-P-5 b,14.12,327.36245,2.788491,1.2448,0.0,5960.0,1.17,86.75,0.425,2.9208,7.5,0.1106
HAT-P-6 b,14.908,355.5434416666667,3.852985,0.8255,0.0,6570.0,1.46,85.51,0.602,3.5064000000000006,7.69,0.09338
HAT-P-69 b,18.786,1137.8314,4.7869491,0.7627,0.0,7394.0,1.93,87.19,0.366,5.1264,7.32,0.08703
HAT-P-7 b,17.514000000000003,562.4338937499999,2.2047353739999997,0.6691900000000001,0.0,6350.8,2.126,89.06,0.07104,3.882524,4.680960799999999,0.07544000000000001
HAT-P-70 b,20.961,2154.8874,2.74432452,0.8443,0.0,8450.0,1.86,96.5,-0.629,3.48,5.45,0.09887
HAT-P-8 b,16.81,443.55922799999996,3.0763776,0.6427,0.0,6200.0,1.58,87.5,0.32,3.8088,6.35,0.0953
HAT-P-9 b,15.652000000000001,237.608228,3.9228503600000004,1.1569999999999998,0.042,6350.0,1.33,86.47,0.515,3.396,8.55,0.10763
HATS-11 b,16.926,266.97720000000004,3.6191613,1.18,0.34,6060.0,1.44,88.31,0.203,4.3656,6.88,0.1076
HATS-12 b,15.132,758.02455,3.142833,0.47,0.085,6408.0,2.21,82.7,0.589,4.5576,4.67,0.063
HATS-36 b,13.843,1022.14128,4.1752387,1.4,0.105,6149.0,1.16,87.61,0.452,3.46272,10.1,0.10966
HATS-6 b,11.187,101.38777,3.3252725,3.23,0.0,3724.0,0.57,88.21,0.427,2.04096,13.65,0.17978
HD 118203 b,12.733,744.3616125,6.134985,0.3083,0.314,5683.0,2.1,88.88,0.111,5.6503,7.23,0.05552
HD 136352 b,1.5729999999999997,4.716666666666666,11.57788,0.019399999999999997,0.0395,5757.0,1.035,88.675,0.465,3.9354999999999998,20.1,0.013925
HD 136352 c,2.762,11.11,27.591555,0.0598,0.0185,5757.0,1.035,88.6145,0.863,3.2299,35.865,0.024445000000000005
HD 136352 d,2.562,9.299999999999999,107.245,0.0492,0.0,5664.0,1.06,89.73,0.41,8.87,86.46,0.02219
HD 137496 b,1.31,4.04,1.62116,0.00575,0.0,5799.0,1.59,85.8,0.27,3.28,3.7,0.0076
HD 1397 b,11.5,124.27153,11.53533,0.2037,0.251,5521.0,2.34,88.99,0.17,8.6016,10.1,0.04513
HD 15337 b,1.699,7.355,4.75642,0.0344,0.17,5131.0,0.84,88.36,0.386,2.5536,13.43,0.01856
HD 15337 c,2.522,8.45,17.1784,0.0758,0.19,5131.0,0.84,88.413,0.876,2.232,31.63,0.02754
HD 202772 A b,17.318,323.23311,3.308958,0.3755,0.038,6272.0,2.59,84.51,0.403,5.6304,4.33,0.06128
HD 207897 b,2.501,14.4,16.202159,0.0866,0.047,5070.0,0.78,88.757,0.709,2.911,32.13,0.02943
HD 3167 b,1.7,5.2,0.9596409999999999,0.0294,0.0,5261.0,0.86,83.4,0.4699999999999999,1.6220000000000003,4.082,0.01744
HD 3167 c,3.01,9.9825,29.8454,0.0946,0.267,5261.0,0.86,89.3,0.5,5.15,40.323,0.0313
HD 332231 b,9.718,77.55052,18.71204,0.4867,0.032,6089.0,1.28,89.68,0.133,6.156,24.21,0.06976
HD 73583 b,2.84,13.05,6.3980661,0.1446,0.294,4582.0,0.68,89.45,0.134,2.08,19.03,0.03803
HD 73583 c,2.73,16.1,18.8805,0.1433,0.093,4582.0,0.68,89.61,0.26,3.624,39.15,0.0379
HD 89345 b,7.3305,36.37291,11.814299999999998,0.14930000000000002,0.22,5599.0,1.74,87.38499999999999,0.6224999999999999,5.720400000000001,13.475,0.03865
HD 97658 b,2.341,8.12946,9.4909,0.0934,0.063,5119.0,0.7,89.45,0.23,2.9712,24.359999999999996,0.0306
HIP 65 A b,22.754,979.390795,0.9809734,8.2,0.0,4590.0,0.72,77.18,1.169,0.78576,5.289,0.287
K2-100 b,3.45,21.8,1.6739024,0.0703,0.0,6120.0,1.19,87.3,0.36,1.6056,7.79,0.02651
K2-114 b,10.447,613.4103,11.3909311,0.01352,0.081,4920.0,0.82,89.21,0.361,3.97,24.63,0.1163
K2-140 b,13.563,309.724595,6.569188,1.557,0.0,5585.0,1.06,88.3,0.42,3.81,14.1,0.117
K2-167 b,2.264,6.5,9.97857,0.0201,0.41,6141.0,1.46,87.41,0.48,3.631,14.72,0.01417
K2-180 b,2.242,11.44182,8.8665,0.12,0.0,5110.0,0.69,88.9,0.4,2.98,22.2,0.0297
K2-232 b,11.859,124.748275,11.168459,0.7764,0.255,5888.0,1.23,89.61,0.108,5.03016,17.28,0.08811
K2-237 b,16.197,444.85533333333336,2.18053539,1.385,0.042,6360.0,1.26,88.03000000000002,0.20099999999999998,2.9278,6.07,0.11769999999999999
K2-25 b,3.44,24.5,3.48456408,1.155,0.428,3207.0,0.29,87.16,0.628,0.7637,21.09,0.1075
K2-260 b,17.396,451.3186,2.6266657,0.947,0.0,6367.0,1.69,88.67,0.122,4.1676,5.291,0.09731
K2-261 b,9.520333333333333,66.10842666666667,11.633465333333334,0.28063333333333335,0.308,5495.0,1.6433333333333333,88.27000000000001,0.31666666666666665,5.129333333333333,13.696666666666665,0.05297333333333333
K2-266 c,0.705,0.29013,7.814,0.0085,0.042,4285.0,0.7,88.28,0.6,2.256,20.8,0.0092
K2-266 d,2.93,8.9,14.697,0.1465,0.047,4285.0,0.7,89.46,0.29,3.408,31.7,0.03827
K2-266 e,2.73,14.3,19.482,0.127,0.043,4285.0,0.7,89.45,0.36,3.6648,38.2,0.03564
K2-285 b,2.59,9.68,3.471745,0.097,0.0,4975.0,0.79,86.846,0.57,2.18,10.43,0.03013
K2-285 c,3.53,15.68,7.138048,0.21,0.0,4975.0,0.79,89.861,0.05,2.52,22.51,0.04115
K2-285 d,2.48,6.5,10.45582,0.1,0.0,4975.0,0.79,89.643,0.2,2.504,32.2,0.0289
K2-285 e,1.95,10.7,14.76289,0.068,0.0,4975.0,0.79,89.799,0.17,2.3,49.43,0.0227
K2-29 b,11.209,213.422845,3.2589263,1.884,0.084,5222.0,0.75,87.89,0.452,2.13,11.77,0.1373
K2-30 b,11.646,189.74451,4.098503,1.603,0.0,5425.0,0.84,86.92,0.662,2.3208,12.339999999999998,0.1266
K2-33 b,5.76,1160.0795,5.42513,0.23,0.0,3410.0,1.1,86.9,0.49,4.22,9.2,0.0476
KELT-11 b,15.244,62.29468,4.7363145,0.267,0.00035,5372.5,2.705,85.55,0.38199999999999995,7.23,4.955,0.05165
KELT-12 b,19.952,301.9385,5.031623,0.596,0.0,6279.0,2.37,84.47,0.586,5.7624,6.08,0.0772
KELT-14 b,17.038,394.1092,1.7100588,1.306,0.0,5802.0,1.37,79.67,0.831,2.1336,4.64,0.1143
KELT-15 b,16.175,352.7913,3.329441,1.003,0.0,6003.0,1.48,88.3,0.2,4.1256,6.7,0.1001
KELT-16 b,15.861,874.0325,0.9689951,1.146,0.0,6236.0,1.36,84.4,0.32,2.4888,3.23,0.107
KELT-18 b,17.598,375.0394,2.8717518,0.716,0.0,6670.0,1.91,88.86,0.102,4.644,5.138,0.08462
KELT-21 b,17.777,1242.7153,3.6127647,0.99,0.0,7598.0,1.64,86.46,0.423,4.10544,6.86,0.09952
KELT-23 A b,14.83,298.12454,2.255251,1.864,0.0,5899.0,1.0,85.37,0.576,2.38104,7.13,0.1365
KELT-24 b,14.258,1490.619355,5.5514926,0.753,0.077,6509.0,1.51,89.17,0.134,4.30008,9.95,0.08677
KELT-3 b,15.076,518.58598,2.7033904,0.882,0.0,6306.0,1.47,84.23,0.606,3.1512,6.02,0.0939
KELT-4 A b,19.044,286.68266,2.9895932,1.187,0.0,6206.0,1.6,83.16,0.689,3.46272,5.792,0.10893
KELT-6 b,13.372,145.853365,7.8457,0.602,0.22,6102.0,1.58,88.81,0.2,5.52,10.79,0.07761
KELT-7 b,17.183,424.30305,2.7347749,0.828,0.0,6789.0,1.73,83.76,0.597,3.5112,5.49,0.09097
KELT-8 b,20.849,252.67485,3.2440599999999997,1.311,0.035,5754.0,1.67,82.65,0.741,3.4656,5.900000000000001,0.1145
KELT-9 b,21.196,845.4277999999999,1.4811235,0.677,0.0,10170.0,2.36,86.79,0.177,3.91584,3.153,0.08228
KOI-12 b,14.090000000000002,1739.5895333333333,17.855205956000002,0.91362,0.0,6672.6,1.4660000000000002,89.91799999999999,0.02154,7.4215279999999995,20.00076,0.08827399999999999
KOI-1257 b,7.872,460.83000000000004,86.647658952,0.783162,0.0,5359.2,0.9099999999999999,89.96000000000001,0.013300000000000001,4.25402,168.0286,0.079414
KOI-13 b,24.364,2645.4762125,1.7635875900000002,0.46040600000000004,0.0,9099.8,2.964,84.49600000000001,0.39692,3.175896,4.28994,0.075306
KOI-142 b,3.8800000000000003,9.852266666666667,10.916200893333333,0.14716666666666667,0.0,5590.333333333333,0.9533333333333334,87.66333333333334,0.6399333333333334,3.5834333333333337,18.4,0.03734
KOI-1599.01,2.016,4.6,20.40922562,0.034421999999999994,0.0,5810.4,0.96,86.85600000000001,0.60906,6.83378,18.404,0.019242
KOI-1599.02,43.268,9.0,13.6159183,0.036906,0.0,5810.4,0.96,76.518,1.3584999999999998,4.307460000000001,8.104000000000001,0.40783
KOI-1783.01,8.396666666666667,71.0,134.47617596666666,0.4242683333333333,0.0,6098.833333333333,1.065,89.40016666666666,0.9257166666666666,5.904733333333333,94.16000000000001,0.07238166666666666
KOI-1783.02,4.952,15.0,284.0576592,0.16684000000000002,0.0,6134.2,1.05,89.776,0.8619600000000001,7.910259999999999,161.072,0.043234
KOI-1831 d,1.158,2.23,34.206700716,0.022052,0.0,5315.0,0.796,89.77000000000001,0.27490000000000003,4.77422,53.45241119999999,0.013418
KOI-1833 d,2.1075,11.02,7.6843345175,0.114935,0.0,4398.25,0.5774999999999999,88.7525,0.468225,1.23915,41.2575,0.0335875
KOI-2513.01,70.152,7310.05336,19.005395154000002,0.05463,0.0,6350.0,1.052,84.978,1.5983,2.0241,18.34,0.6188359999999999
KOI-3503 b,0.775,9.2,21.187593075000002,0.007875,0.0,6342.25,0.85,89.5675,0.21915,3.0044999999999997,51.12675,0.0083675
KOI-3503 c,0.8,10.36,31.8245304,0.0079,0.0,6338.0,0.85,89.38,0.681,4.17,43.4,0.00865
KOI-351 g,7.055,138.48489,210.60104882500002,0.4156425,0.0,6194.0,1.0925,89.9625,0.08645,12.012825,140.2945,0.0591
KOI-351 h,10.144,308.57276,331.6087195,0.835322,0.0,6202.8,1.084,89.958,0.3983,14.61306,171.0512,0.085446
KOI-3680 b,10.852500000000001,613.4119,141.241620165,1.3469975,0.0,5870.75,0.9375,89.9525,0.13035,6.756925000000001,175.3625,0.10589499999999999
KOI-4777.01,0.42,99.2,0.82400012,0.01831,0.0,3396.0,0.28,80.79,0.7696999999999999,0.855,4.93,0.01373
KOI-94 b,1.576,8.128475,3.743187682,0.012822,0.0,6131.8,1.35,85.94000000000001,0.42636,3.6962200000000003,6.744800000000001,0.010716
KOI-94 c,3.7840000000000003,9.751065,10.42368355,0.07867199999999999,0.0,6131.8,1.35,89.614,0.081,5.223380000000001,15.5762,0.02571
KOI-94 d,10.14,74.0254575,22.342974914,0.562568,0.0,6131.8,1.35,89.83200000000001,0.07056,6.684147999999999,27.071500000000004,0.068836
KOI-94 e,6.034000000000001,18.69795333333333,54.319969932,0.197252,0.0,6131.8,1.35,89.718,0.19791999999999998,8.49514,48.90048,0.041012
Kepler-10 b,1.43,3.8384855555555557,0.8374912019999999,0.019222,0.0,5636.8,1.044,88.976,0.06862,1.80434,3.625816,0.012572
Kepler-10 c,2.2528333333333332,13.670085,45.29434741333333,0.045774999999999996,0.0,5635.166666666667,1.0466666666666666,89.90333333333334,0.07475,6.860966666666666,51.025666666666666,0.019776666666666668
Kepler-100 b,1.294,6.39246,6.887070167999999,0.007308,0.0,5834.4,1.434,85.71400000000001,0.62024,4.44542,9.158,0.008288
Kepler-100 c,2.2359999999999998,5.526115,12.815858109999999,0.022076000000000002,0.0,5834.4,1.434,86.694,0.63008,6.40846,12.044,0.01432
Kepler-100 d,1.49,2.38654,35.3331186,0.009361999999999999,0.0,5834.4,1.434,88.488,0.67172,5.964119999999999,32.995999999999995,0.009533999999999999
Kepler-101 b,4.61,51.1,3.487688974,0.132276,0.0,5724.6,1.264,88.086,0.17725999999999997,3.8776699999999997,6.705450000000001,0.03347
Kepler-101 c,0.974,3.78,6.02964759,0.0056419999999999994,0.0,5724.6,1.264,86.812,0.49178,3.8963799999999997,10.05,0.007068
Kepler-102 b,0.504,2.7,5.286952214,0.0042499999999999994,0.0,4848.8,0.752,87.3,0.54292,2.5582800000000003,12.935999999999998,0.006168
Kepler-102 c,0.6119999999999999,2.35,7.071356694,0.006647999999999999,0.0,4848.8,0.752,88.884,0.31634,2.85438,17.3288,0.007478
Kepler-102 d,1.376,3.4853125,10.311738484,0.027795999999999998,0.0,4848.8,0.752,87.172,0.76572,3.2007800000000004,16.478,0.016804
Kepler-102 e,2.516,6.123976666666666,16.145685848000003,0.097194,0.0,4848.8,0.752,88.10999999999999,0.71932,3.7303599999999997,24.326000000000004,0.030768000000000004
Kepler-102 f,0.8800000000000001,4.75,27.45368456,0.012886,0.0,4848.8,0.752,89.38199999999999,0.38478,3.63636,49.322,0.010740000000000001
Kepler-103 b,3.138,11.134023333333333,15.965337358,0.04845,0.0,5878.0,1.392,89.01,0.31628,4.5633,23.9266,0.020734
Kepler-103 c,5.2379999999999995,34.84833666666667,179.60675672,0.126868,0.0,5878.0,1.392,89.39599999999999,0.66626,13.5328,80.16000000000001,0.034474
Kepler-104 b,2.746,14.772715000000002,11.427539974,0.050454,0.0,5791.0,1.2020000000000002,88.828,0.30368,4.57466,18.0582,0.02092
Kepler-104 c,2.71,7.14431,23.668355832,0.045586,0.0,5791.0,1.2020000000000002,88.638,0.6417400000000001,5.7863,24.660000000000004,0.02061
Kepler-104 d,3.04,5.54022,51.75549246400001,0.06021,0.0,5791.0,1.2020000000000002,89.332,0.5181199999999999,7.374280000000001,47.08,0.023174
Kepler-105 b,3.4949999999999997,5.1,5.4122044533333336,0.05989833333333333,0.07833333333333332,6291.166666666667,1.335,87.90666666666665,0.35958333333333337,2.9164833333333333,12.785166666666667,0.0239
Kepler-105 c,1.8679999999999999,3.7333333333333334,7.12594972,0.019212,0.0,6270.0,1.2860000000000003,88.07999999999998,0.41054,2.84958,16.546,0.013356
Kepler-106 b,0.8300000000000001,5.3,6.164925376,0.006078,0.0,5872.4,1.028,87.466,0.56416,3.13788,12.59,0.007392
Kepler-106 c,2.432,11.881730000000001,13.570762894000001,0.0517,0.0,5872.4,1.028,89.032,0.37629999999999997,3.2394800000000004,28.035800000000002,0.021679999999999998
Kepler-106 d,1.042,8.1,23.98027596,0.009222,0.0,5872.4,1.028,88.594,0.42435999999999996,4.77254,32.894,0.009322
Kepler-106 e,2.6260000000000003,8.880315,43.84443556,0.060582000000000004,0.0,5872.4,1.028,89.272,0.49254,6.47662,44.46,0.023420000000000003
Kepler-107 b,1.552,3.655,3.1800127639999998,0.01206,0.0,5869.8,1.3619999999999999,84.244,0.38466,3.6022399999999997,5.9002,0.010496
Kepler-107 c,1.786,9.695,4.901446194,0.013989999999999999,0.0,5869.8,1.3619999999999999,81.50399999999999,0.76556,4.2628,5.664,0.01204
Kepler-107 d,1.07,5.75,7.958215952000001,0.0055379999999999995,0.0,5869.8,1.3619999999999999,86.63199999999999,0.42357999999999996,4.36174,11.298,0.007214
Kepler-107 e,3.006,11.35,14.749131158,0.042234,0.0,5869.8,1.3619999999999999,86.764,0.6267199999999999,6.2763,13.546000000000001,0.020248
Kepler-109 b,2.4099999999999997,5.584686666666667,6.481638268,0.03036,0.0,5934.4,1.338,87.806,0.36674,3.6728799999999997,12.055,0.016468
Kepler-109 c,2.538,10.58494,21.22258034,0.036154000000000006,0.0,5934.4,1.338,89.952,0.021959999999999997,6.490799999999999,25.413,0.017352
Kepler-11 b,1.8183333333333336,4.026898,10.303986871666666,0.030633333333333335,0.007499999999999999,5662.666666666667,1.0533333333333335,89.80333333333333,0.05306666666666667,4.16845,19.009833333333333,0.015853333333333334
Kepler-11 c,2.908333333333333,7.107254,13.024782440000001,0.07826333333333334,0.004333333333333333,5662.666666666667,1.0533333333333335,89.89666666666668,0.0608,4.537649999999999,22.338833333333334,0.025388333333333332
Kepler-11 d,3.216666666666667,7.082298333333333,22.686700191666667,0.09575833333333333,0.0006666666666666666,5662.666666666667,1.0533333333333335,89.905,0.05165,5.480316666666667,32.427,0.028076666666666663
Kepler-11 e,4.026666666666667,7.569886666666666,31.996185095,0.13807000000000003,0.002,5662.666666666667,1.0533333333333335,89.44166666666666,0.42051666666666665,4.1884,51.271166666666666,0.035138333333333334
Kepler-11 f,2.6100000000000003,4.82427,46.68637295,0.057835000000000004,0.0021666666666666666,5662.666666666667,1.0533333333333335,89.17666666666668,0.51445,6.4255,47.471666666666664,0.022798333333333334
Kepler-11 g,3.4149999999999996,89.7390075,118.37877675,0.10767833333333333,0.024999999999999998,5662.666666666667,1.0533333333333335,89.94333333333333,0.10063333333333334,9.499566666666666,97.125,0.029796666666666666
Kepler-111 c,7.442333333333333,222.47988,224.78150223333333,0.3470166666666667,0.029333333333333333,5909.5,1.1666666666666667,89.49766666666666,0.7281833333333333,11.390433333333334,117.37333333333333,0.05864833333333334
Kepler-113 b,1.954,9.61374,4.7539996339999995,0.07672000000000001,0.0,4645.2,0.702,88.124,0.41544,2.52946,12.924000000000001,0.025572
Kepler-113 c,2.4899999999999998,4.877644999999999,8.925084326,0.099054,0.0,4645.2,0.702,87.21000000000001,0.79778,2.71604,16.452,0.032456
Kepler-114 b,1.036,6.8,5.188559392,0.03479,0.0,4109.6,0.562,89.038,0.21424000000000004,2.39124,16.258000000000003,0.016843999999999998
Kepler-114 c,1.346,21.4,8.041331682,0.058244000000000004,0.0,4109.6,0.562,89.49,0.23588,2.63552,22.553,0.02194
Kepler-114 d,2.152,3.9,11.77613894,0.14092200000000002,0.0,4109.6,0.562,89.05,0.5037,2.9059,27.8,0.034996
Kepler-117 b,6.25,29.875,18.79590464,0.245716,0.0,6399.8,1.218,88.404,0.5149199999999999,7.315,17.798,0.046950000000000006
Kepler-117 c,9.366,584.78,50.79038961,0.581294,0.0,6399.8,1.218,89.828,0.21536,10.88568,37.1678,0.070482
Kepler-12 b,18.062,137.1422125,4.4379629860000005,1.6603180000000002,0.0,5964.6,1.412,89.862,0.017400000000000002,4.69453,8.093644000000001,0.11755800000000001
Kepler-120 b,2.088,8.5,6.312504744,0.133158,0.0,4182.2,0.574,88.914,0.22342,2.76116,16.9918,0.033296000000000006
Kepler-122 e,2.006,27.7,37.99596824,0.030912000000000002,0.0,6089.8,1.002,87.782,0.67976,7.05214,25.3288,0.018362
Kepler-122 f,1.8880000000000003,36.0,56.25848272,0.034741999999999995,0.0,6089.8,1.002,89.498,0.32576,8.22756,49.652,0.017298
Kepler-123 b,2.564,55.3,17.232313904,0.051713999999999996,0.0,6123.6,1.108,89.10999999999999,0.3351,4.53266,27.482,0.02118
Kepler-126 b,1.524,4.11726,10.495679518,0.011188,0.0,6219.0,1.328,86.648,0.62056,4.82808,12.4608,0.010530000000000001
Kepler-126 c,1.596,1.27942,21.86966513,0.011882,0.0,6219.0,1.328,87.88199999999999,0.72224,5.53428,20.8808,0.01106
Kepler-126 d,2.5620000000000003,54.59018999999999,100.28301508,0.033986,0.0,6219.0,1.328,89.632,0.29722,10.91516,63.3,0.017732
Kepler-128 b,1.3679999999999999,24.723333333333336,15.090099344000002,0.007008,0.0,6073.8,1.628,89.724,0.10472,4.22116,26.9772,0.007673999999999999
Kepler-128 c,1.3359999999999999,23.733333333333334,22.80143152,0.006281999999999999,0.0,6073.8,1.628,89.068,0.49582000000000004,4.96698,29.908,0.007508
Kepler-129 b,2.252,15.11114,15.791927538,0.02031,0.0,5772.6,1.5959999999999999,89.596,0.10769999999999999,7.2565,16.724800000000002,0.0129
Kepler-129 c,2.3619999999999997,34.15687,82.19997108,0.022014,0.0,5772.6,1.5959999999999999,89.846,0.13498,10.47138,58.23199999999999,0.01356
Kepler-131 b,2.096,11.492505,16.091963994,0.043340000000000004,0.0,5748.0,0.986,89.446,0.27102,2.89142,39.016,0.019452
Kepler-131 c,0.796,8.25,25.51710164,0.006482,0.0,5748.0,0.986,89.41,0.39788,5.03568,35.8,0.007416000000000001
Kepler-136 b,1.9759999999999998,19.8,11.578916692,0.023746,0.0,6156.4,1.216,88.458,0.6262399999999999,2.78562,24.95,0.014877999999999999
Kepler-138 b,0.624,0.20575000000000002,10.312892266,0.013463999999999999,0.0,3853.8,0.522,89.6,0.2963,2.10652,34.266,0.010896
Kepler-138 c,1.47,2.98,13.781085405999999,0.073618,0.0,3853.8,0.522,89.46,0.31112,2.30734,42.07,0.025584000000000003
Kepler-138 d,1.572,1.23,23.089104916,0.060148,0.0,3853.8,0.522,89.012,0.8039799999999999,1.90838,52.620000000000005,0.027368000000000003
Kepler-139 b,2.6879999999999997,5.2879,15.771095432,0.05331,0.0,5618.0,1.184,89.956,0.00942,5.05412,24.331799999999998,0.020802
Kepler-139 c,2.772,23.2558,157.06652764,0.055356,0.0,5618.0,1.184,89.846,0.19790000000000002,8.09422,143.74,0.021467999999999998
Kepler-139 d,2.022,4.65808,7.305698218000001,0.025851999999999997,0.0,5618.0,1.184,88.86800000000001,0.40908,1.44404,31.508000000000003,0.015654
Kepler-14 b,11.298,2555.2972,6.79012182,0.226284,0.0,6380.2,1.9740000000000002,88.34400000000001,0.22705999999999998,6.14642,8.40826,0.052584
Kepler-145 b,2.284,37.1,22.950609932,0.013372,0.0,6119.4,1.858,88.60999999999999,0.52884,4.51334,31.066000000000003,0.011242
Kepler-145 c,3.8840000000000003,79.4,42.882400392,0.038947999999999997,0.0,6119.4,1.858,88.45,0.64756,9.79204,25.838,0.01914
Kepler-15 b,10.943333333333333,210.71869,4.942783148333333,1.1296833333333334,0.01,5559.5,1.0,87.045,0.5658,3.3165283333333333,11.201500000000001,0.10037
Kepler-1513 b,9.1425,48.30992,160.8846180675,0.7694725,0.0,5650.0,1.04,89.92750000000001,0.26285000000000003,10.784475,119.425,0.08021249999999999
Kepler-1514 b,17.93,1678.1424,217.831794146,0.89015,0.08020000000000001,6310.0,1.8539999999999999,89.9588,0.14752,21.308796,92.3672,0.08840200000000001
Kepler-161 b,2.038,12.1,4.921356988,0.078052,0.0,5074.2,0.742,89.148,0.24409999999999998,1.8742,19.8428,0.025148000000000004
Kepler-161 c,2.05,11.8,7.064258468,0.072298,0.0,5074.2,0.742,89.30199999999999,0.31196,1.3848,34.44799999999999,0.025341999999999996
Kepler-1654 b,9.18,158.915,1047.8356,0.5096,0.26,5597.0,1.18,89.982,0.114,22.992,370.3,0.07138
Kepler-1655 b,2.12,5.2,11.872904926,0.03418600000000001,0.0,6104.8,1.066,88.774,0.38218,2.4238,30.518,0.018118000000000002
Kepler-1656 b,4.582,48.2,31.578661848000003,0.21347999999999998,0.0,5710.4,1.004,89.956,0.04686,2.124652,117.97940000000001,0.041864
Kepler-1658 b,12.807999999999998,1868.8404000000003,3.849371728,0.13181,0.0,6273.4,2.912,79.832,0.9238200000000001,2.70826,5.2946,0.040290000000000006
Kepler-167 e,10.2225,321.00669,888.6741233,1.95844,0.0,4916.0,0.7525,89.95750000000001,0.2002,16.162775,463.85,0.12442
Kepler-17 b,14.740000000000002,769.1374333333333,1.485711022,2.137572,0.0,5656.6,1.026,89.74600000000001,0.02736,2.28478,5.65518,0.13183599999999998
Kepler-170 b,3.062,82.6,7.930581954,0.083216,0.0,5663.6,1.006,87.114,0.61976,3.64548,13.430000000000001,0.027818
Kepler-1704 b,10.673333333333334,1322.16617,859.2540784666667,0.5026,0.0,5755.666666666667,1.54,89.95,0.11869999999999999,5.948933333333334,1162.3333333333333,0.06362000000000001
Kepler-1705 b,1.07,4.47,9.0194714,0.01916,0.0,5775.0,0.77,88.81,0.2805,5.92,11.34,0.01279
Kepler-1710 b,2.6380000000000003,3.4949400000000006,14.910906584,0.088264,0.0,5628.0,0.8859999999999999,89.728,0.18518,3.32826,33.4096,0.027272
Kepler-176 c,2.58,23.0,12.759494382,0.090334,0.0,5163.2,0.852,88.926,0.41568000000000005,3.5357399999999997,25.192,0.02779
Kepler-176 d,2.734,15.2,25.752312122,0.07880000000000001,0.0,5163.2,0.852,88.84,0.79866,2.87296,42.5,0.0295
Kepler-177 b,3.288,4.413333333333333,36.85639164,0.076652,0.0,6125.0,1.058,87.77399999999999,0.65296,8.2096,23.816,0.028498
Kepler-177 c,7.506666666666667,11.899999999999999,49.411071455,0.34607333333333334,0.0,6059.5,1.1016666666666668,88.80416666666667,0.8873833333333333,5.283516666666667,41.754999999999995,0.06250666666666667
Kepler-18 b,2.03,9.82555,3.5047066499999997,0.0307,0.0,5359.0,1.0483333333333333,85.035,0.7667666666666667,2.0093833333333335,8.941666666666668,0.017706666666666666
Kepler-18 c,5.015000000000001,18.480503333333335,7.641573796666667,0.23070833333333335,0.0,5359.0,1.0483333333333333,89.28,0.19231666666666666,3.4317433333333334,16.87295,0.04371666666666667
Kepler-18 d,6.135000000000001,17.768795,14.858911098333332,0.330245,0.0,5359.0,1.0483333333333333,89.28666666666668,0.30351666666666666,3.5515866666666667,30.315783333333332,0.053496666666666665
Kepler-183 c,2.464,35.7,11.637021663999999,0.062724,0.0,5815.0,0.9800000000000001,89.59,0.20684,3.34518,25.875999999999998,0.023021999999999997
Kepler-184 c,2.136,8.8,20.303003754000002,0.053464,0.0,5790.8,0.8640000000000001,88.638,0.58856,4.49138,27.536,0.022516
Kepler-1876 b,1.274,2.4,6.992051388,0.0033320000000000003,0.0,6097.6,2.01,84.126,0.41659999999999997,4.8711199999999995,8.155800000000001,0.005884
Kepler-189 c,2.788,22.7,20.134899822,0.11432400000000001,0.0,5173.4,0.766,88.704,0.7292400000000001,3.69888,30.419999999999998,0.033434
Kepler-19 b,2.204833333333333,10.549570000000001,9.286979059999998,0.06760833333333333,0.0,5542.833333333333,0.8250000000000001,89.38333333333333,0.16736666666666666,3.3972833333333337,20.06063333333333,0.024413333333333332
Kepler-197 c,1.324,5.3,10.349710462,0.012072,0.0,5978.4,1.1300000000000001,87.28999999999999,0.45626,4.3308,14.522,0.010736
Kepler-1972 b,0.905,2.02,7.545914435,0.0018525,0.0,5949.25,1.9874999999999998,84.015,0.688375,6.202725,7.2946064999999995,0.00418
Kepler-1972 c,0.91,2.11,11.3220104,0.00171,0.0,6003.0,2.19,89.38,0.1749,5.86,14.6,0.0038
Kepler-20 b,2.016,9.403245,3.696119236,0.03921,0.0,5460.6,0.932,84.56400000000001,0.64864,2.5205,7.8957999999999995,0.019898
Kepler-20 c,3.05,13.3750075,10.854095764,0.104308,0.0,5460.6,0.932,88.584,0.47864000000000007,3.7847,19.88,0.030084
Kepler-20 d,2.658,14.12919,77.61155376,0.08244,0.0,5460.6,0.932,89.834,0.22136,7.260720000000001,79.642,0.026223999999999997
Kepler-20 e,0.842,1.92,6.098532438,0.007776,0.0,5460.6,0.932,87.744,0.52596,2.8792199999999997,13.568000000000001,0.00834
Kepler-20 f,0.9800000000000001,7.85,19.57751662,0.010778,0.0,5460.6,0.932,89.264,0.36967999999999995,3.6139,36.953540000000004,0.009673999999999999
Kepler-203 c,2.212,749.9,5.37064323,0.050550000000000005,0.0,5918.4,0.9620000000000001,88.994,0.32454,2.0682,18.3348,0.021036
Kepler-203 d,1.272,33.9,11.329772232,0.017146,0.0,5918.4,0.9620000000000001,88.916,0.33112,3.8292,20.868000000000002,0.012168
Kepler-21 b,1.6365,7.66,2.7858142183333334,0.0068745,0.003333333333333333,6171.833333333333,1.875,83.32333333333332,0.49178333333333335,3.5019,5.153166666666667,0.007995
Kepler-211 c,2.542,18.3,6.040458204,0.026652,0.0,5240.6,1.45,87.846,0.39674,2.1176000000000004,18.89,0.015794
Kepler-215 d,2.48,23.6,30.864362238000002,0.055574,0.0,5764.4,0.986,89.176,0.64142,2.83872,63.8442,0.023104
Kepler-219 d,2.7800000000000002,19.1,47.90364006,0.03752,0.0,5782.0,1.36,89.45,0.43290000000000006,5.83428,53.08,0.018654
Kepler-22 b,2.19,22.55,289.863927,0.050496,0.0,5590.4,0.9359999999999999,89.9,0.3437,7.1790199999999995,264.44,0.021558
Kepler-221 c,2.862,15.1,5.690586258,0.137206,0.0,5281.6,0.774,88.942,0.27218,2.5163,16.928,0.033836
Kepler-223 b,1.8920000000000001,5.7,7.384338956000001,0.031916,0.0,5824.2,1.056,88.44200000000001,0.24847999999999998,5.41752,10.106,0.01633
Kepler-223 c,2.6060000000000003,8.75,9.848312738,0.042806,0.0,5824.2,1.056,79.89000000000001,0.75286,6.69928,6.9239999999999995,0.02275
Kepler-223 d,3.554,6.95,14.787831020000002,0.085468,0.0,5824.2,1.056,84.452,0.6759999999999999,6.9078,10.961,0.031059999999999997
Kepler-223 e,20.09,4.8,19.723594900000002,0.062124,0.0,5824.2,1.056,78.664,1.0767000000000002,8.141300000000001,8.656,0.182154
Kepler-226 b,1.6260000000000001,24.0,3.941047434,0.038768,0.0,5484.2,0.8300000000000001,88.934,0.18036000000000002,2.5433,11.437999999999999,0.018018
Kepler-226 c,2.604,45.2,5.349558589999999,0.086714,0.0,5484.2,0.8300000000000001,85.988,0.61446,3.15052,9.9003,0.028974
Kepler-23 b,1.892,134.75,7.106937792000001,0.012870000000000001,0.0,5877.4,1.608,85.97999999999999,0.48229999999999995,5.2598,8.3786,0.010830000000000001
Kepler-23 c,3.2399999999999998,459.15,10.742429526,0.041682000000000004,0.0,5877.4,1.608,89.59,0.08324000000000001,6.093999999999999,13.671423999999998,0.01851
Kepler-23 d,2.364,17.6,15.274413152,0.021952,0.0,5877.4,1.608,89.412,0.20366,6.25622,18.546,0.013466
Kepler-231 b,1.7420000000000002,35.4,10.065240892,0.10908199999999998,0.0,3923.0,0.51,89.462,0.3269,1.41282,48.822,0.031316
Kepler-231 c,1.81,24.1,19.271529864,0.127894,0.0,3923.0,0.51,89.84,0.26070000000000004,2.83628,51.284000000000006,0.032548
Kepler-238 e,6.124,169.7,23.653669156,0.34924,0.0,5818.4,1.032,89.27000000000001,0.1718,8.36262,21.3322,0.054928
Kepler-238 f,2.2239999999999998,13.5,50.446817700000004,0.039934000000000004,0.0,5818.4,1.032,88.732,0.71924,7.4719,35.618,0.020058
Kepler-24 b,3.1119999999999997,270.9,8.145110194,0.047566,0.0,6010.6,1.1260000000000001,79.50999999999999,0.9464599999999999,4.697039999999999,5.337999999999999,0.025285999999999996
Kepler-24 c,4.254,271.05,12.333441016,0.054564,0.0,6010.6,1.1260000000000001,79.09599999999999,0.96776,6.15024,5.6770000000000005,0.034782
Kepler-240 c,2.228,102.3,7.953555302,0.09310399999999999,0.0,4930.6,0.75,89.58,0.17062,2.63252,22.906,0.02731
Kepler-244 d,2.686,15.2,20.050416822,0.09077,0.0,5555.0,0.8280000000000001,88.44800000000001,0.57772,4.714,24.95,0.029708000000000002
Kepler-245 c,2.502,225.6,17.46082144,0.084488,0.0,5217.8,0.8400000000000001,89.47999999999999,0.35598,2.2903,52.646,0.027272
Kepler-245 d,3.3259999999999996,21.6,36.276814702,0.162646,0.0,5217.8,0.8400000000000001,89.84,0.15988,4.7442,59.266,0.036202
Kepler-25 b,2.77,814.8794340000001,6.23853981,0.04016,0.0,6236.0,1.37,89.61200000000001,0.09278,3.540538,13.4547,0.018484
Kepler-25 c,4.957999999999999,280.05709199999995,12.720371662,0.11762,0.0,6236.0,1.37,89.126,0.39311999999999997,2.6675579999999997,31.8288,0.033024
Kepler-254 c,2.388,3.2,12.412161907999998,0.063486,0.0,5868.0,0.93,89.264,0.22000000000000003,3.54108,24.8,0.023642000000000003
Kepler-26 b,2.916,43.63666666666666,12.28301509,0.296828,0.0,4005.2,0.542,89.49,0.32088,2.79144,33.242,0.049384
Kepler-26 c,2.808,34.40025,17.25117246,0.214636,0.0,4005.2,0.542,88.86600000000001,0.79162,2.1036,42.980000000000004,0.047538
Kepler-267 b,2.002,37.9,3.3537259999999995,0.138168,0.0,3858.2,0.48,85.576,0.67466,1.6397,11.1208,0.03836199999999999
Kepler-27 b,5.108,1468.555,15.335261621999999,0.32568400000000003,0.0,5325.0,0.8640000000000001,89.09200000000001,0.40148,3.71136,28.708,0.054093999999999996
Kepler-27 c,7.112,2203.535,31.330506802000002,0.540014,0.0,5325.0,0.8640000000000001,88.658,0.8021800000000001,5.2166,32.838,0.075292
Kepler-272 b,1.362,78.0,2.971364776,0.02393,0.0,5304.6,0.8779999999999999,87.628,0.2923,2.71136,7.922,0.014138000000000001
Kepler-272 c,1.73,97.8,6.057328676,0.039338,0.0,5304.6,0.8779999999999999,89.184,0.19704,3.74202,12.0976,0.017986000000000002
Kepler-276 c,3.21,20.9,31.8839096,0.091656,0.0,6028.4,1.002,88.888,0.50556,5.35938,39.268,0.029444000000000005
Kepler-276 d,2.936,17.35,48.648986920000006,0.06328199999999999,0.0,6028.4,1.002,89.33,0.54908,4.5944400000000005,63.5,0.026942
Kepler-277 b,2.988,82.7,17.324221698,0.024148,0.0,5947.4,1.716,85.04400000000001,0.8183,8.177000000000001,9.718,0.015948
Kepler-277 c,2.972,51.9,33.006225199999996,0.027302,0.0,5947.4,1.716,88.91,0.31257999999999997,7.37264,30.254,0.015884000000000002
Kepler-279 c,4.096,28.4,35.73664146,0.080586,0.0,6697.6,1.236,86.862,0.8985200000000001,8.72354,15.828,0.030474
Kepler-279 d,3.1750000000000003,21.0,54.415280525,0.056075,0.0,6780.5,1.12,87.2325,0.9335,8.36375,21.2625,0.0262875
Kepler-28 b,1.932,244.35,5.9122680260000005,0.102142,0.0,4190.2,0.584,87.80199999999999,0.5511199999999999,2.42028,15.762,0.030247999999999997
Kepler-28 c,1.8980000000000001,221.565,8.98581241,0.089324,0.0,4190.2,0.584,87.78200000000001,0.6282,2.9941,17.058,0.029772
Kepler-282 d,2.304,61.0,24.805435686,0.06265000000000001,0.0,6010.0,0.906,89.616,0.22954,6.02894,29.7454,0.023324
Kepler-282 e,2.664,56.2,44.34712442,0.082522,0.0,6010.0,0.906,89.672,0.26539999999999997,6.453740000000001,49.769999999999996,0.026890000000000004
Kepler-289 b,3.34,7.3,34.54382288,0.04412,0.0,6206.0,1.5100000000000002,89.486,0.44315999999999994,3.3661000000000003,65.376,0.020364
Kepler-289 c,17.096,132.7443,125.86543271600002,1.262444,0.0,6206.0,1.5100000000000002,89.95,0.22338,9.01942,114.922,0.103572
Kepler-29 b,1393.4049999999997,45.53666666666666,10.339156666666666,0.12868666666666667,0.0,5703.666666666667,0.855,63.69833333333333,15.3457,3.659066666666667,29.828333333333333,14.633731666666668
Kepler-29 c,737.096,34.6,13.287498438,0.11630599999999999,0.0,5768.8,0.88,68.068,8.501479999999999,4.03282,23.185999999999996,7.740346000000001
Kepler-297 b,3.188,48.5,38.869010462,0.09959599999999999,0.0,6041.2,1.012,89.954,0.0268,6.136139999999999,49.7808,0.028898
Kepler-297 c,7.3420000000000005,42.1,74.926191618,0.42254800000000003,0.0,6041.2,1.012,89.398,0.81418,4.797199999999999,82.18,0.06645000000000001
Kepler-30 b,1.7299999999999998,40.5665,29.161474333333334,0.039200000000000006,0.0,5477.0,0.8933333333333332,89.19,0.45459999999999995,4.755633333333333,42.03333333333334,0.017886666666666665
Kepler-30 c,12.966,1415.93825,60.324504298,2.162622,0.0,5480.2,0.884,89.812,0.30114,6.7324600000000006,74.012,0.13458799999999999
Kepler-30 d,9.27,2713.105,143.20810202,1.099722,0.0,5480.2,0.884,89.926,0.41714,9.07506,122.1,0.096396
Kepler-305 b,3.4480000000000004,8.85,5.487110956,0.14881,0.0,5067.8,0.812,85.634,0.78026,2.91156,9.898,0.03897
Kepler-305 c,3.2659999999999996,5.25,8.290864442,0.11166800000000002,0.0,5067.8,0.812,84.758,0.89246,3.38718,9.928,0.036952
Kepler-305 d,2.8400000000000003,9.1,16.738665806,0.112704,0.0,5067.8,0.812,89.242,0.32516,2.5114799999999997,45.734,0.031896
Kepler-307 b,3.3,6.05,10.415744476,0.08616200000000002,0.0,5620.2,1.052,88.238,0.6946800000000001,2.76986,21.805999999999997,0.028626
Kepler-307 c,3.028,2.968,13.084221748,0.06924999999999999,0.0,5620.2,1.052,88.03200000000001,0.7533200000000001,3.0974,22.344,0.026346
Kepler-31 c,5.098000000000001,761.6,42.633728758000004,0.17446,0.0,6412.8,1.178,89.246,0.39415999999999995,6.30088,47.786,0.039612
Kepler-31 d,4.076,2161.244,87.6474814,0.11121,0.0,6412.8,1.178,89.368,0.4793,8.99198,65.676,0.031689999999999996
Kepler-310 d,2.456,7.0,92.8750867,0.063154,0.0,5740.0,0.858,89.268,0.83178,7.15342,59.32000000000001,0.026188
Kepler-317 b,2.116,109.8,5.524188952,0.050890000000000005,0.0,5439.4,0.9359999999999999,88.28200000000001,0.39560000000000006,2.73608,14.25,0.020798
Kepler-32 b,2.072,656.2,5.901279122,0.171604,0.0,3794.6,0.504,89.486,0.19542,2.24632,19.8552,0.037644
Kepler-32 c,2.084,83.3,8.752116652,0.147772,0.0,3794.6,0.504,88.238,0.61052,2.4119599999999997,21.512,0.037852
Kepler-323 b,1.6960000000000002,344.15,1.67832813,0.014926,0.0,6220.2,1.3239999999999998,83.344,0.35706,2.37758,4.64656,0.011810000000000001
Kepler-323 c,1.89,43.25,3.5538242240000004,0.019222,0.0,6220.2,1.3239999999999998,86.74,0.40706,3.0575,7.8671999999999995,0.013125999999999999
Kepler-326 b,2.364,44.6,2.2482923059999997,0.02667,0.0,5157.8,1.472,89.268,0.1143,2.01438,8.50206,0.014660000000000001
Kepler-326 c,2.626,17.4,4.5803402040000005,0.03177000000000001,0.0,5157.8,1.472,89.108,0.26212,2.1211599999999997,15.668200000000002,0.016253999999999998
Kepler-326 d,2.39,6.9,6.766902784,0.024478,0.0,5157.8,1.472,89.074,0.37771999999999994,1.67796,26.792,0.014813999999999999
Kepler-327 c,1.166,20.3,5.212304852000001,0.045579999999999996,0.0,3831.0,0.5,87.214,0.5896,2.2161999999999997,13.884,0.02136
Kepler-328 b,3.095,28.5,34.917454375000005,0.05957,0.0,6173.75,1.0625,86.5175,0.713825,9.24125,17.630000000000003,0.026615
Kepler-328 c,5.176,39.4,71.31134693999999,0.22702,0.0,6165.8,1.044,89.49600000000001,0.21996000000000002,9.3547,56.367599999999996,0.045452
Kepler-33 c,2.89,0.38999999999999996,13.175583191666668,0.026953333333333333,0.0,5901.333333333333,1.7333333333333334,88.8,0.24114999999999998,6.646566666666666,14.387500000000001,0.015203333333333333
Kepler-33 d,4.986666666666666,6.569999999999999,21.775743018333333,0.08038,0.0,5901.333333333333,1.7333333333333334,89.26333333333334,0.22611666666666666,7.9836833333333335,20.047416666666667,0.026233333333333334
Kepler-33 e,3.7750000000000004,7.956666666666667,31.78469654166667,0.04611833333333334,0.0,5901.333333333333,1.7333333333333334,89.40333333333334,0.23311666666666664,8.850249999999999,26.122773333333335,0.01989
Kepler-33 f,4.248333333333333,14.816666666666666,41.02825058333333,0.058403333333333335,0.0,5901.333333333333,1.7333333333333334,89.54,0.2755666666666667,9.909683333333334,30.134466666666665,0.022375
Kepler-333 b,1.432,28.2,12.551070196000001,0.053352,0.0,4207.4,0.582,88.256,0.6791,3.1796800000000003,22.848000000000003,0.02249
Kepler-338 b,2.4,30.6,13.727037361999999,0.020208,0.0,5923.4,1.684,89.026,0.18588,7.342439999999999,13.86894,0.013078000000000001
Kepler-338 e,1.64,8.5,9.341421138000001,0.007802000000000001,0.0,5923.4,1.684,83.73,0.7403799999999999,6.1501399999999995,7.622,0.008898
Kepler-339 c,1.232,7.3,6.9880719760000005,0.020532,0.0,5574.6,0.8560000000000001,88.8,0.28002000000000005,3.0767,16.318,0.013236000000000001
Kepler-339 d,1.252,14.7,10.558320693999999,0.020868,0.0,5574.6,0.8560000000000001,88.892,0.3195,3.3864000000000005,21.887999999999998,0.013452
Kepler-345 b,0.77,0.5,7.415536095999999,0.015982,0.0,4411.8,0.624,89.65599999999999,0.15022,1.9583000000000002,28.806,0.011264
Kepler-345 c,1.318,2.2,9.387441026000001,0.040086,0.0,4411.8,0.624,89.224,0.4024,1.4998200000000002,41.184,0.019354
Kepler-349 b,1.8939999999999997,94.5,5.929741138,0.041668,0.0,5899.6,0.9199999999999999,89.13,0.22211999999999996,2.47346,17.759999999999998,0.01882
Kepler-350 c,2.748,6.65,17.848516162,0.03922,0.0,6214.6,1.31,88.41600000000001,0.3419,5.67756,20.32,0.01918
Kepler-350 d,2.596,14.85,26.136313519999998,0.036646,0.0,6214.6,1.31,88.976,0.3993,6.6671000000000005,26.880000000000003,0.018116
Kepler-351 b,2.842,4.8,37.05455266,0.10547,0.0,5641.8,0.844,89.48400000000001,0.33754,5.00538,51.426,0.030732000000000002
Kepler-351 c,3.254,11.1,57.248405819999995,0.150824,0.0,5641.8,0.844,89.84200000000001,0.14704,6.09628,72.526,0.035308
Kepler-359 c,4.838,2.9,57.689263319999995,0.16949999999999998,0.0,6171.4,0.99,88.91,0.89306,4.95216,48.3,0.044553999999999996
Kepler-359 d,30.197499999999998,2.7,77.08602075,0.098195,0.0,6214.5,1.0350000000000001,88.17999999999999,1.23345,4.610250000000001,36.75,0.266665
Kepler-36 b,1.42,3.765098,13.849760832,0.007676,0.0,5925.0,1.6159999999999999,88.69200000000001,0.29702,7.13606,13.3862,0.008060000000000001
Kepler-36 c,3.7464999999999997,9.71857,16.229502026666665,0.04779,0.0,5934.0,1.6183333333333332,87.56333333333333,0.49871666666666664,7.763633333333333,13.428,0.021206666666666665
Kepler-363 c,2.2,66.4,7.5423471300000005,0.012689999999999998,0.0,5718.4,1.938,87.934,0.34859999999999997,4.7797600000000005,11.14,0.010438
Kepler-37 b,0.2833333333333334,4.6560999999999995,13.3671006,0.0013133333333333335,0.0,5374.0,0.7566666666666667,88.62,0.5239333333333334,3.4600666666666666,24.400000000000002,0.0034333333333333334
Kepler-37 c,0.72,6.65,21.301958380000002,0.00875,0.0,5395.2,0.764,89.708,0.20381999999999997,3.82224,40.456,0.008598
Kepler-37 d,1.896,25.566666666666666,39.792229305999996,0.060652000000000005,0.0,5395.2,0.764,89.84200000000001,0.16634,4.475980000000001,65.3652,0.022692
Kepler-37 e,0.37,8.1,51.2069,0.0027,0.0,5288.0,0.73,89.95,0.02,8.994,43.4,0.0046
Kepler-385 b,2.972,12.8,10.043669206,0.047116,0.0,6266.6,1.1199999999999999,81.588,0.78006,5.49978,7.346000000000001,0.024146
Kepler-385 c,3.018,13.2,15.16249384,0.04686,0.0,6266.6,1.1199999999999999,82.458,0.82352,7.1292,8.648,0.02452
Kepler-39 b,13.707999999999998,6046.585,21.087190392000004,0.915804,0.0,6257.8,1.424,89.934,0.0194,5.929746,29.5524,0.087952
Kepler-396 b,3.4579999999999997,75.5,42.992129492000004,0.111568,0.0,5579.0,1.032,89.714,0.30272,4.6468,67.78999999999999,0.030728
Kepler-396 c,5.642,17.9,88.51251006,0.263418,0.0,5579.0,1.032,89.59,0.53476,7.18356,77.86,0.04985
Kepler-4 b,4.054,24.154625000000003,3.2136677839999996,0.072918,0.0,5799.2,1.48,88.09,0.15833999999999998,4.01478,5.9615219999999995,0.025122
Kepler-40 b,12.368,679.355125,6.873168238,0.388166,0.0,6462.8,1.9580000000000002,88.39399999999999,0.18378,6.91048,7.73674,0.057996000000000006
Kepler-406 b,1.374,5.84099,2.42630287,0.018708,0.0,5661.4,0.998,87.058,0.32182,2.64214,6.5902,0.012620000000000001
Kepler-406 c,0.778,2.71,4.623348324,0.006044,0.0,5661.4,0.998,88.296,0.30498000000000003,3.02226,11.108,0.007142
Kepler-407 b,1.198,2.434525,0.6693149519999999,0.01334,0.0,5565.8,1.042,85.162,0.26458,1.5434199999999998,3.19786,0.010566
Kepler-408 b,0.714,5.0,2.465026762,0.0030299999999999997,0.0,6095.6,1.238,86.604,0.57152,1.22886,11.919999999999998,0.0052580000000000005
Kepler-409 b,1.034,9.794873333333332,68.9584602,0.012254,0.0,5440.0,0.9019999999999999,89.752,0.40188,3.07422,145.712,0.010485999999999999
Kepler-41 b,10.034,173.469354,1.8555575819999999,1.08756,0.0,5671.8,0.938,84.848,0.5317000000000001,2.35167,5.8398,0.098094
Kepler-411 b,2.0283333333333333,25.600000000000005,3.005156818333333,0.06867833333333334,0.0,4972.0,0.7633333333333333,87.39333333333333,0.3584,2.03805,9.938,0.024463333333333333
Kepler-411 c,3.468,26.4,7.834433624000001,0.20220599999999997,0.0,4971.6,0.758,88.756,0.37434,2.8491,19.164,0.04203
Kepler-411 d,3.4974999999999996,15.2,58.0193651,0.12942499999999998,0.0,4970.25,0.7575000000000001,88.725,0.93195,5.588749999999999,36.9725,0.0424375
Kepler-412 b,12.408,297.37881333333337,1.720861124,1.036048,0.0,6089.2,1.122,82.014,0.7406200000000001,2.035194,5.3369,0.101236
Kepler-414 b,2.0,3.5,4.6996505079999995,0.040094000000000005,0.0,5520.4,0.944,86.642,0.6079399999999999,2.47642,11.272,0.019403999999999998
Kepler-414 c,2.94,29.9,7.170727724,0.089544,0.0,5520.4,0.944,87.786,0.56162,2.95856,15.498000000000001,0.028566
Kepler-415 b,1.442,119.9,4.176348901999999,0.057082,0.0,4456.2,0.616,88.474,0.3071,2.32742,13.314000000000002,0.021268000000000002
Kepler-416 b,2.63,58.2,6.319431268000001,0.057699999999999994,0.0,5861.8,1.07,88.702,0.27448,3.2282800000000003,13.945400000000001,0.022464
Kepler-417 b,2.438,11.0,12.330934464,0.092672,0.0,5336.2,0.8140000000000001,89.5,0.19726,3.0639399999999997,30.727999999999998,0.027517999999999997
Kepler-418 b,9.834,349.612125,86.67850522,0.8535780000000001,0.0,6103.8,1.052,89.912,0.32316,10.13168,67.69,0.085414
Kepler-419 b,22.574,807.2506999999999,69.727871638,0.453878,0.0,6316.8,1.476,89.274,0.7197199999999999,4.80058,86.1198,0.142918
Kepler-422 b,12.124,146.19835,7.891448890000001,1.050608,0.0,5900.6,1.184,89.26599999999999,0.21572,4.198138,15.435599999999999,0.09362
Kepler-423 b,12.630166666666666,203.51199333333335,2.6843285750000003,1.8050399999999998,0.0031666666666666666,5834.5,0.9283333333333333,89.23466666666667,0.11628333333333332,2.688763333333333,8.514166666666666,0.12440333333333332
Kepler-424 b,8.71,334.66754000000003,3.3118640900000003,0.598914,0.0,5501.6,0.942,85.80600000000001,0.8515599999999999,1.3638000000000001,12.3738,0.084856
Kepler-425 b,9.638,75.63979,3.797018078,1.484982,0.0,5221.0,0.8039999999999999,89.006,0.26546,2.258624,13.7694,0.11002
Kepler-426 b,11.623999999999999,107.584355,3.2175189439999996,1.478466,0.0,5836.8,0.906,86.53,0.6392200000000001,2.1183959999999997,10.664,0.11733
Kepler-427 b,10.604,92.48818,10.290994842,0.9841599999999999,0.0,6113.6,1.068,89.59,0.12387999999999999,4.283924000000001,19.8616,0.091058
Kepler-428 b,11.392,405.2262,3.525632538,2.3389379999999997,0.0,5070.2,0.766,89.84200000000001,0.030579999999999996,2.6080379999999996,11.737779999999999,0.136068
Kepler-43 b,11.8,998.4953,3.02409301,0.7922279999999999,0.0,6042.2,1.316,87.768,0.31696,2.7656479999999997,8.646600000000001,0.081894
Kepler-432 b,11.836,1149.9941833333332,52.50107498,0.09376999999999999,0.0,5004.4,3.9859999999999998,89.914,0.06704,14.899239999999999,27.5874,0.027202
Kepler-433 b,8.994,894.6711499999999,5.334083902000001,0.494456,0.0,6109.6,1.276,88.856,0.12146000000000001,6.277506,6.7738,0.064744
Kepler-434 b,8.632,928.0467000000001,12.874706538000002,0.41092199999999995,0.0,5927.0,1.028,87.66799999999999,0.9410999999999999,2.28034,22.639599999999998,0.07750399999999999
Kepler-435 b,11.386,268.56275,8.600151826,0.455618,0.0,6259.8,1.672,87.56,0.32938,9.001059999999999,7.4036,0.062668
Kepler-44 b,11.526,320.28653249999996,3.2467324000000004,0.72191,0.0,5698.8,1.342,86.86999999999999,0.42055999999999993,3.0463999999999998,8.09,0.07851
Kepler-444 d,0.4625,0.2,6.1894146725,0.0056425,0.0,5036.75,0.6224999999999999,89.2875,0.27602499999999996,2.2413,20.432499999999997,0.00676
Kepler-444 e,0.47,0.1,7.7434766075,0.0057925,0.0,5036.75,0.6224999999999999,89.095,0.26482500000000003,2.78585,20.4075,0.0068775
Kepler-447 b,8.178,435.41,7.7943011,0.322388,0.0,5551.8,0.906,88.09599999999999,0.93136,1.03648,31.413999999999998,0.080996
Kepler-45 b,10.708,157.74724,2.4552406,3.917688,0.0,3870.2,0.55,89.146,0.21051999999999998,1.736626,12.4838,0.178004
Kepler-450 b,5.794,19.4,28.45491051,0.1432,0.0,6253.8,1.518,89.49600000000001,0.22058,8.1342,26.12686,0.034984
Kepler-450 c,2.512,12.5,15.413091926000002,0.025074000000000003,0.0,6253.8,1.518,87.762,0.4434,6.627079999999999,15.248000000000001,0.015218
Kepler-450 d,0.9133333333333334,17.6,7.514445833333333,0.003316666666666667,0.0,6212.0,1.57,88.50999999999999,0.30906666666666666,4.931666666666667,11.123333333333335,0.005313333333333333
Kepler-454 b,1.8940000000000001,5.8949325,10.573758307999999,0.030081999999999998,0.0,5744.0,1.078,89.662,0.223,1.7095600000000002,44.362,0.016068
Kepler-46 b,8.43,1094.139775,33.601336938,0.76718,0.0,5177.0,0.8960000000000001,89.236,0.7090400000000001,4.42824,47.652,0.08599
Kepler-462 b,4.62,53.9,84.68812896,0.034824,0.0,7510.4,2.446,89.958,0.043620000000000006,10.028960000000001,65.5404,0.017324
Kepler-462 c,5.764,6.0,207.58692016,0.049568,0.0,7510.4,2.446,89.772,0.47158,6.850879999999999,191.07999999999998,0.021674
Kepler-48 b,1.932,11.48729,4.77799923,0.04914,0.0,5254.0,0.8619999999999999,87.538,0.40972,2.9133199999999997,11.59582,0.020484000000000002
Kepler-48 c,2.722,12.27557,9.67394938,0.100034,0.0,5254.0,0.8619999999999999,89.176,0.19722,3.5050200000000005,20.9578,0.028818
Kepler-48 d,2.082,8.410425,42.896107078,0.059158,0.0,5254.0,0.8619999999999999,89.72999999999999,0.1524,6.00574,54.262,0.022054
Kepler-49 b,2.33,8.3,7.203840356000001,0.18738000000000002,0.0,3870.2,0.52,88.568,0.28900000000000003,2.63704,19.7266,0.041064
Kepler-49 c,2.5119999999999996,7.1,10.912783972,0.15004199999999998,0.0,3870.2,0.52,86.488,0.89388,2.68762,16.572,0.04442
Kepler-5 b,15.632,666.7207275,3.5484654620000002,0.736444,0.0,6291.4,1.8039999999999998,89.826,0.01718,4.476258,6.577173999999999,0.079474
Kepler-50 b,1.7,6.462860000000001,7.812789164,0.009866,0.0,6194.0,1.6320000000000001,87.764,0.38654,3.98138,13.118799999999998,0.009470000000000001
Kepler-50 c,2.028,9.201665,9.376540776,0.01212,0.0,6194.0,1.6320000000000001,87.308,0.7167,2.29038,21.12,0.011268
Kepler-507 b,1.262,5.69692,3.56809108,0.009954,0.0,6031.0,1.228,86.494,0.3645,3.27612,7.4612,0.009392000000000001
Kepler-51 b,7.718,2.6966666666666668,45.155352310000005,0.6411840000000001,0.0,6040.4,0.964,89.94800000000001,0.044239999999999995,5.791079999999999,63.869,0.073124
Kepler-51 c,6.108,5.507499999999999,85.31576064000001,0.189566,0.0,6040.4,0.9640000000000001,89.392,0.9692999999999999,2.7918,98.946,0.057918000000000004
Kepler-51 d,10.532,6.5,130.17870554200002,1.19336,0.0,6040.4,0.964,89.95800000000001,0.07312,8.443200000000001,129.214,0.09982
Kepler-52 b,2.272,107.3,7.877398714,0.139758,0.0,4008.4,0.556,87.656,0.66046,2.2492399999999995,19.506,0.037506
Kepler-52 c,1.8719999999999999,54.15,16.384893852,0.11247199999999999,0.0,4008.4,0.556,89.61800000000001,0.21738,3.0125,39.668,0.030796
Kepler-53 b,2.984,107.05,18.649233524,0.091902,0.0,6019.6,0.968,89.59,0.23442000000000002,4.37104,31.258,0.02826
Kepler-53 c,3.646,35.75,38.55774776,0.10344400000000001,0.0,6019.6,0.968,88.288,0.87668,5.52504,29.339999999999996,0.034304
Kepler-538 b,2.1679999999999997,11.31993,81.737752594,0.06407199999999999,0.0,5540.4,0.858,89.84400000000001,0.14037999999999998,6.7138599999999995,92.039,0.023092
Kepler-539 b,8.508,308.2951,125.629283306,0.795326,0.0,5841.0,0.9560000000000001,89.908,0.10422000000000001,9.20964,110.45518,0.081604
Kepler-54 b,2.16,21.5,8.01083458,0.136666,0.0,3749.2,0.476,84.724,0.79566,3.0823799999999997,11.998000000000001,0.041566
Kepler-54 c,1.302,19.8,12.071428104,0.067932,0.0,3749.2,0.476,87.548,0.5590200000000001,4.701079999999999,15.7976,0.025054
Kepler-549 b,2.732,11.0,42.94966534,0.095426,0.0,5434.8,0.884,89.72999999999999,0.17286,5.39428,58.586,0.028338000000000002
Kepler-55 b,2.702,43.0,27.953842279999996,0.095892,0.0,4504.8,0.646,87.2,0.6063799999999999,5.82016,26.162,0.038096000000000005
Kepler-55 c,17.446,69.8,42.14154962,0.109094,0.0,4504.8,0.646,86.514,0.8509400000000001,7.046000000000001,30.919999999999998,0.243338
Kepler-553 b,4.732,116.00737,4.0304670819999995,0.293858,0.0,5429.8,0.876,88.1,0.34842,2.80986,10.633000000000001,0.049514
Kepler-553 c,11.459833333333334,2129.45033,328.2400724666666,1.4016533333333332,0.057666666666666665,5390.0,0.88,89.89683333333333,0.7542333333333334,12.173366666666666,177.85833333333335,0.11909666666666667
Kepler-56 b,4.88,71.340622,10.501280280000001,0.014839999999999999,0.0,4857.8,4.038,86.11399999999999,0.34226,13.63202,5.4434000000000005,0.011068
Kepler-56 c,10.704,207.19692999999998,21.4053925,0.040304,0.0,4857.8,4.038,80.592,0.9420999999999999,11.55434,5.766,0.024206
Kepler-57 b,2.6740000000000004,116.55,5.7293244880000005,0.08685400000000001,0.0,5317.2,0.78,87.796,0.7847,1.21008,22.898,0.031328
Kepler-57 c,28.048000000000002,8.25,11.609111168,0.050482000000000006,0.0,5317.2,0.78,83.76599999999999,0.9147400000000001,2.44774,23.508,0.324964
Kepler-58 b,2.846,35.2,10.21862716,0.048676000000000004,0.0,6096.4,1.082,84.21400000000001,0.80996,4.26286,10.48,0.023964
Kepler-58 c,2.866,53.0,15.573668706000001,0.048768,0.0,6096.4,1.082,85.53200000000001,0.89578,4.865419999999999,12.004000000000001,0.02415
Kepler-595 b,3.812,17.4,25.302911224000002,0.21784799999999999,0.0,5221.0,0.8140000000000001,89.608,0.19868,4.5847,40.7712,0.043052
Kepler-595 c,1.11,3.3,12.3860474,0.01513,0.0,5121.0,0.89,89.01,0.538,2.604,31.1,0.01147
Kepler-6 b,12.872,207.93795999999998,3.234699352,1.0727,0.0,5677.2,1.248,89.84,0.02208,3.599756,7.534984,0.094356
Kepler-60 b,1.95,8.7725,7.132679218,0.015164,0.0,6128.4,1.426,83.88000000000001,0.79432,4.37098,7.662000000000001,0.012570000000000001
Kepler-60 c,2.114,6.9625,8.919087138,0.01913,0.0,6128.4,1.426,86.334,0.6828200000000001,4.19698,11.936000000000002,0.013619999999999998
Kepler-60 d,1.894,3.953333333333333,11.89911888,0.014036,0.0,6128.4,1.426,87.45800000000001,0.73052,2.9167199999999998,20.514,0.01218
Kepler-62 b,1.31,9.0,5.714900215999999,0.04354,0.0,4824.8,0.642,89.498,0.12454000000000001,2.33692,18.8582,0.018625999999999997
Kepler-62 c,0.585,4.0,12.4417154,0.00841,0.0,4829.25,0.6525000000000001,89.94,0.043,3.48725,27.46,0.008150000000000001
Kepler-62 d,1.954,14.0,18.164074664,0.09558,0.0,4824.8,0.642,89.84,0.11836000000000002,2.9431,46.8173,0.027794000000000003
Kepler-62 e,1.69,36.0,122.38648634,0.07269,0.0,4824.8,0.642,89.952,0.1227,7.06944,134.322,0.024024
Kepler-62 f,1.4224999999999999,35.0,267.283106,0.0489375,0.0,4829.25,0.6525000000000001,89.94,0.28800000000000003,7.8015,255.65000000000003,0.0199025
Kepler-63 b,5.75,120.0,9.434150536,0.401978,0.0,5649.8,0.9039999999999999,89.24,0.38778,2.78446,25.426,0.058440000000000006
Kepler-643 b,11.228,321.0083,16.33890429,0.17552600000000002,0.0,4878.0,2.68,88.25399999999999,0.28074,9.501380000000001,12.586,0.038352
Kepler-65 b,1.438,2.427285,2.1549114520000003,0.009978,0.0,6172.0,1.376,82.042,0.55252,3.17926,4.266,0.009568
Kepler-65 c,2.5140000000000002,12.327726666666667,5.859937024,0.03216,0.0,6172.0,1.3760000000000001,88.65,0.1803,4.0255,10.550320000000001,0.016732
Kepler-65 d,1.654,4.194145,8.131206881999999,0.011370000000000002,0.0,6172.0,1.376,84.19800000000001,0.80672,4.32774,8.546,0.010974000000000001
Kepler-68 b,2.32,7.4578516666666665,5.3987573583333335,0.031041666666666665,0.0,5792.5,1.2333333333333334,88.50500000000001,0.22433333333333336,3.45881,11.1281,0.0172
Kepler-68 c,0.9555,3.601906,9.605021628333335,0.005508333333333333,0.0,5792.5,1.2333333333333334,88.34833333333334,0.41656666666666664,3.008883333333334,20.101666666666667,0.007093333333333333
Kepler-7 b,16.926,139.907688,4.885488924,0.7531059999999999,0.0,6010.2,1.9140000000000001,87.57199999999999,0.29702,5.1570100000000005,7.495,0.08095599999999999
Kepler-74 b,13.228000000000002,202.76977333333335,7.340716619999999,0.85726,0.0,6033.8,1.3820000000000001,88.218,0.5520200000000001,2.9901199999999997,17.589999999999996,0.0875
Kepler-75 b,10.594,3188.7943333333333,8.884921728,1.6978319999999998,0.0,5296.0,0.8260000000000001,89.938,0.048940000000000004,2.077372,36.4706,0.11700400000000001
Kepler-76 b,13.358,636.7094333333333,1.54492906,0.584466,0.0,6331.0,1.412,79.31400000000001,0.91688,1.440696,4.87384,0.086416
Kepler-77 b,10.5685,176.07275333333334,3.5787809683333336,1.1316783333333333,0.0,5648.333333333333,0.9933333333333333,89.56,0.07631666666666667,2.9105516666666666,10.241,0.09751666666666667
Kepler-79 b,2.9040000000000004,25.833333333333332,13.484583326000001,0.067658,0.0,6353.4,1.108,89.72600000000001,0.12592,5.0455000000000005,20.6022,0.024048
Kepler-79 c,3.122,9.7,27.402292252,0.078554,0.0,6353.4,1.108,89.952,0.06956000000000001,6.83106,31.3446,0.025852
Kepler-79 d,6.068,8.65,52.090872866,0.295874,0.0,6353.4,1.108,89.944,0.0392,8.633799999999999,48.36114,0.050131999999999996
Kepler-79 e,2.54,4.6,81.06349442,0.045886,0.0,6353.4,1.108,89.808,0.44599999999999995,3.2629200000000003,163.5204,0.020953999999999997
Kepler-8 b,14.996,186.16680000000002,3.5224986540000005,0.9289720000000001,0.0,6185.0,1.472,85.336,0.62266,3.193732,7.613200000000001,0.093222
Kepler-80 b,2.282,6.93,7.0535019000000005,0.150392,0.0,4154.8,0.586,89.416,0.19061999999999998,2.4517800000000003,21.522,0.035676
Kepler-80 c,2.3579999999999997,6.74,9.521675624,0.157034,0.0,4154.8,0.586,89.494,0.26276,2.38368,29.26,0.036872
Kepler-80 d,1.358,5.225,3.072152642,0.05011600000000001,0.0,4154.8,0.586,86.724,0.5317000000000001,1.97946,9.904,0.021278
Kepler-80 e,1.416,3.1149999999999998,4.645387884,0.055244,0.0,4154.8,0.586,87.8,0.5184599999999999,2.09062,14.606,0.022206
Kepler-81 b,2.162,17.2,5.95489696,0.14668,0.0,4089.8,0.556,88.958,0.22956000000000004,2.4038,18.0072,0.035538
Kepler-81 c,2.048,4.3,12.039903618,0.128846,0.0,4089.8,0.556,89.062,0.36706,2.72656,31.338,0.033618
Kepler-82 b,4.402,31.575,26.444067410000002,0.19135600000000003,0.0,5668.8,0.924,88.814,0.63844,4.2081,36.178,0.043634
Kepler-82 c,5.828,16.15,51.537997196000006,0.380362,0.0,5668.8,0.924,89.586,0.43157999999999996,6.579179999999999,55.29600000000001,0.057845999999999995
Kepler-83 b,2.434,42.1,9.770463484,0.204222,0.0,4046.6,0.536,89.586,0.18082000000000004,2.49954,29.637999999999998,0.04161
Kepler-83 c,2.158,11.4,20.090106602,0.152516,0.0,4046.6,0.536,89.22999999999999,0.42564,3.6992199999999995,37.24400000000001,0.036946
Kepler-83 d,1.8539999999999999,24.6,5.169810824000001,0.11572800000000001,0.0,4046.6,0.536,88.59200000000001,0.46132,2.16508,16.706,0.031678
Kepler-84 b,2.662,40.0,8.725857372,0.046232,0.0,6026.6,1.044,82.626,0.8284,4.589119999999999,7.837999999999999,0.023374
Kepler-84 c,2.8739999999999997,20.2,12.8828667,0.048386,0.0,6026.6,1.044,82.69,0.88906,5.406059999999999,8.791999999999998,0.025106
Kepler-849 b,8.075333333333333,298.7587,394.6223671,0.187485,0.013,5894.0,1.8116666666666665,89.83216666666668,0.40155,24.117766666666668,118.98,0.04092333333333333
Kepler-85 c,1.968,20.9,12.513341174,0.044096,0.0,5637.2,0.8640000000000001,87.184,0.69078,4.47768,15.55,0.020856
Kepler-85 e,1.286,0.6,25.21568936,0.01999,0.0,5637.2,0.8640000000000001,89.022,0.34812000000000004,4.93596,34.275999999999996,0.013624
Kepler-87 b,9.402,324.2,114.73643314,0.497128,0.0,5858.6,1.284,89.398,0.5836,11.94702,65.47200000000001,0.067064
Kepler-87 c,4.91,6.4,497.4099646000001,0.115224,0.0,5858.6,1.284,89.748,0.8257200000000001,16.70104,144.24,0.034984
Kepler-9 b,7.98,350.7746571428571,19.271447186,0.685758,0.0,5778.6,0.9699999999999999,89.452,0.26982,4.151719999999999,36.872,0.075604
Kepler-9 c,8.06,113.50154500000001,38.90765078,0.61174,0.0,5778.333333333333,0.9766666666666666,89.38,0.6658666666666666,4.5292666666666666,55.39333333333334,0.07574
Kepler-9 d,1.5433333333333332,8.41466,1.5929637,0.02582,0.0,5778.333333333333,0.9766666666666666,89.57,0.058600000000000006,1.8928333333333331,6.542666666666666,0.014523333333333333
Kepler-91 b,15.2,226.92482,6.246659124000001,0.041096,0.0,4651.2,6.682,74.122,0.6947,11.20934,2.92,0.020946000000000003
Kepler-92 b,3.5759999999999996,41.825015,13.748817498,0.041844000000000006,0.0,5871.6,1.6600000000000001,87.10799999999999,0.63212,6.08534,13.662,0.019738
Kepler-92 c,2.404,9.400535,26.723413393999998,0.020568,0.0,5871.6,1.6600000000000001,89.14399999999999,0.28053999999999996,8.544880000000001,22.43434,0.013302
Kepler-92 d,1.9440000000000002,11.86668,49.35728708,0.013482,0.0,5871.6,1.6600000000000001,89.524,0.28680000000000005,11.014500000000002,32.36,0.010728
Kepler-93 b,1.566,3.869155,4.7267413959999995,0.026846,0.0,5649.6,0.904,86.084,0.667,2.92828,9.476,0.015854
Kepler-94 b,2.816,10.918315,2.5080576100000003,0.15382400000000002,0.0,4456.0,0.67,87.106,0.65852,1.0945,13.946000000000002,0.038406
Kepler-95 b,3.0599999999999996,11.610899999999999,11.523068062,0.050634,0.0,5691.0,1.3519999999999999,89.274,0.20116,3.9190799999999997,21.0684,0.02091
Kepler-96 b,2.444,10.713780000000002,16.238469128,0.06457199999999999,0.0,5732.8,0.942,89.32000000000001,0.2965,3.8552,29.956,0.02368
Kepler-97 b,1.576,3.45839,2.5866361920000003,0.022345999999999998,0.0,5793.2,0.9719999999999999,82.952,0.70668,2.3057600000000003,6.02,0.014898
Kepler-98 b,1.864,2.811215,1.541677868,0.030452,0.0,5562.2,0.974,78.712,0.7106,1.9623599999999999,4.17,0.017698
Kepler-99 b,1.7439999999999998,4.981285000000001,4.603574142,0.044576,0.0,4746.8,0.756,85.76,0.66806,2.42186,10.492,0.02115
LTT 1445 A b,1.3424999999999998,2.535,5.35879285,0.2264,0.15,3338.5,0.275,89.54,0.22999999999999998,1.3723,30.25,0.045450000000000004
LTT 1445 A c,1.147,1.54,3.1239035,0.157,0.223,3340.0,0.27,87.43,0.937,0.482,21.56,0.0396
LTT 3780 b,1.3285,2.4725,0.768413655,0.10595,0.0,3344.5,0.375,86.6,0.406,0.7966500000000001,6.91,0.032560000000000006
LTT 3780 c,2.3449999999999998,7.4875,12.252092,0.32975,0.041999999999999996,3344.5,0.375,89.069,0.722,1.466,43.8,0.05745
MASCARA-1 b,17.901,1175.971,2.14877381,0.6216,0.00034,7490.0,2.08,88.45,0.113,4.226,4.1676,0.07884
PH2 b,10.359499999999999,12756.742490000002,282.5254554333333,0.95533,0.10416666666666667,5851.5,1.0366666666666668,89.918,0.3353166666666667,10.756133333333333,200.535,0.091175
Qatar-1 b,13.0195,402.74113166666666,1.4200246200000002,2.21,0.0,4961.5,0.8000000000000002,83.95,0.66,1.64412,6.2465,0.14879499999999998
Qatar-3 b,12.285,1369.8473,2.5079204,0.789,0.0,6007.0,1.27,86.8,0.35,3.1104,6.39,0.0888
Qatar-4 b,12.722,1938.763,1.8053564,1.902,0.0,5215.0,0.85,87.5,0.31,2.1384,7.11,0.1379
Qatar-5 b,12.408,1373.0256,2.8792319,1.126,0.0,5747.0,1.08,88.74,0.18,2.9088,8.27,0.1061
TIC 139270665 b,7.23,147.15455,23.624,0.425,0.105,5844.0,1.02,89.76,0.16,5.94,34.5,0.06519
TOI-1135 b,9.02,51.42,8.02773,0.486,0.0,6122.0,1.16,89.97,0.007,4.05,15.12,0.0697
TOI-1194 b,8.597,144.92975,2.310644,0.6717,0.076,5446.0,0.96,83.98,0.802,1.684,7.65,0.08196
TOI-1221 b,2.91,1112.39942,91.68278,0.072,0.21,5592.0,1.03,89.75,0.25,8.12,83.7,0.02679
TOI-1231 b,3.65,15.4,24.245586,0.492,0.087,3553.0,0.48,89.73,0.27,3.24,58.1,0.0701
TOI-1235 b,1.7380000000000002,6.5,3.444729,0.0645,0.15,3872.0,0.63,88.09999999999998,0.45,1.84,13.199999999999998,0.025399999999999995
TOI-125 b,2.7405,9.5,4.65382,0.08735,0.1885,5301.0,0.85,88.955,0.26,2.9604,13.155000000000001,0.02956
TOI-125 c,2.7744999999999997,6.63,9.15063,0.0895,0.0655,5301.0,0.85,88.53,0.523,2.9496,20.655,0.029915
TOI-125 d,2.93,13.6,19.98,0.1,0.168,5320.0,0.85,88.795,0.652,3.1128,34.77,0.0317
TOI-1259 A b,11.456,140.16233,3.477978,2.6759,0.0,4775.0,0.71,89.7,0.065,2.4754,12.314,0.14762
TOI-1260 b,2.41,8.58,3.127463,0.1082,0.0,4227.0,0.67,89.03,0.2,2.06,11.73,0.0329
TOI-1260 c,2.76,12.5,7.493134,0.1421,0.0,4227.0,0.67,87.97,0.75,1.97,20.99,0.0377
TOI-1260 d,3.12,11.84,16.608164,0.1808,0.0,4227.0,0.67,89.14,0.53,3.19,35.69,0.0425
TOI-1266 b,2.539,11.21,10.89486,0.296,0.11,3595.5,0.43,89.245,0.48950000000000005,2.0905,37.055,0.0544
TOI-1266 c,1.9014999999999997,3.8266666666666667,18.8015655,0.16849999999999998,0.17,3595.5,0.43,89.1875,0.7414999999999999,2.0005,52.379999999999995,0.040799999999999996
TOI-1268 b,9.1,96.4,8.1577094,0.8186,0.105,5300.0,0.92,88.63,0.423,4.001,16.62,0.091
TOI-1333 b,15.648,753.2571,4.720219,0.555,0.073,6274.0,1.93,85.7,0.504,4.6416,6.98,0.0745
TOI-1416 b,1.62,3.48,1.0697568,0.0455,0.0,4884.0,0.79,85.7,0.39,1.5,5.14,0.01873
TOI-1420 b,11.89,25.1,6.9561063,1.396,0.17,5510.0,0.92,88.58,0.412,3.372,16.53,0.11816
TOI-1431 b,16.701,991.62463,2.650237,0.5797,0.0022,7690.0,1.92,80.13,0.881,2.489,5.15,0.07955
TOI-1470 b,2.18,7.32,2.527093,0.1814,0.3,3709.0,0.47,87.42,0.59,1.28,13.05,0.0426
TOI-1470 c,2.47,7.24,18.08816,0.2315,0.5,3709.0,0.47,89.47,0.47,2.7,48.46,0.0481
TOI-1478 b,11.882,270.47333,10.180249,1.083,0.024,5597.0,1.05,88.51,0.481,4.1664,18.54,0.104
TOI-157 b,14.415,375.0394,2.0845435,1.283,0.0,5404.0,1.17,82.01,0.8045,2.14584,5.785,0.11329
TOI-1601 b,13.888,314.6517,5.331751,0.3395,0.036,5948.0,2.19,88.84,0.136,6.3048,6.76,0.05827
TOI-1634 b,1.79,7.54,0.989343,0.1323,0.16,3550.0,0.45,88.2,0.24,1.027,7.38,0.0364
TOI-169 b,12.173,251.40353,2.2554477,0.75,0.0,5880.0,1.29,80.98,0.9221,1.7064,5.88,0.0866
TOI-172 b,10.817,1722.6386,9.47725,0.312,0.3806,5645.0,1.78,88.2,0.22,4.7136,11.09,0.05588
TOI-181 b,6.956,46.1687,4.532,0.73,0.1543,4994.0,0.74,88.28,0.5348,1.99,15.5641,0.0854
TOI-1811 b,11.142,308.92921,3.7130765,1.761,0.052,4766.0,0.77,86.48,0.7393,1.951,12.28,0.13272
TOI-1994 b,13.675,7024.00779,4.0337142,0.2969,0.341,7700.0,2.3,85.5,0.32,4.044,5.72,0.05449
TOI-2010 b,11.814,408.72733,141.834025,1.16,0.212,5929.0,1.08,89.903,0.147,8.681,109.8,0.10035
TOI-2015 b,3.39,16.4,3.348968,0.87,0.0,3194.0,0.33,87.95,0.696,1.11,19.46,0.0933
TOI-2025 b,11.893,1271.31363,8.8720982,0.5578,0.394,5977.0,1.46,88.65,0.19,3.601,13.12,0.07469
TOI-2095 b,1.3,4.1,17.664872,0.0693,0.12,3662.0,0.45,89.64,0.3,2.72,48.0,0.0263
TOI-2095 c,1.39,7.4,28.1722,0.0796,0.13,3662.0,0.45,89.79,0.24,3.12,65.6,0.0282
TOI-2145 b,11.982,1671.77742,10.26075,0.1597,0.208,6177.0,2.75,88.1,0.23,7.447,8.65,0.03996
TOI-2152 A b,14.359,899.45439,3.3773512,0.666,0.057,6630.0,1.61,86.42,0.415,3.715,6.76,0.0816
TOI-2154 b,16.287,292.40213,3.8240801,1.143,0.117,6280.0,1.4,83.37,0.8636,2.465,7.91,0.10693
TOI-2497 b,11.142,1531.93292,10.655669,0.1877,0.195,7360.0,2.36,88.16,0.35,7.838,10.63,0.04333
TOI-257 b,7.163,43.86032,18.38818,0.124,0.0,6095.0,1.87,87.91,0.643,6.485,17.6,0.03521
TOI-270 b,1.247,1.58,3.36008,0.0901,0.0,3386.0,0.38,88.65,0.41,1.387,17.48,0.03
TOI-270 c,2.42,6.15,5.660172,0.3394,0.0,3386.0,0.38,89.53,0.22,1.658,27.01,0.05825
TOI-270 d,2.13,4.78,11.38014,0.2645,0.0,3386.0,0.38,89.69,0.224,2.148,41.56,0.05143
TOI-3785 b,5.14,14.95,4.6747373,0.9254,0.11,3576.0,0.5,88.1,0.6,1.7,18.89,0.0962
TOI-411 b,1.72,13.71,4.040301,0.0201,0.126,6040.0,1.16,88.3,0.29,2.96,9.84,0.01358
TOI-411 c,2.74,9.72,9.573096,0.0502,0.16,6040.0,1.16,88.57,0.42,3.95,17.49,0.02161
TOI-4562 b,12.53,732.0,225.11781,0.9961,0.76,6096.0,1.15,89.06,0.6,4.32,147.4,0.0998
TOI-4603 b,11.68,4096.80817,7.24599,0.1528,0.325,6264.0,2.74,80.21,0.9521,2.854,6.97,0.0391
TOI-500 b,1.166,1.42,0.548177,0.02487,0.063,4440.0,0.68,82.09,0.53,0.998,3.769,0.01577
TOI-558 b,12.173,1147.36055,14.574071,0.557,0.298,6466.0,1.5,86.24,0.9073,2.705,18.56,0.0746
TOI-559 b,12.229,1910.14873,6.9839095,0.8276,0.151,5925.0,1.23,89.08,0.23,5.1502,12.61,0.09097
TOI-628 b,11.882,2011.8639,3.4095675,0.657,0.072,6250.0,1.34,88.41,0.23,3.7824,7.78,0.08108
TOI-640 b,19.851,279.6904,5.0037775,0.764,0.05,6460.0,2.08,82.54,0.8763,3.6048,6.82,0.08738
TOI-776 b,1.85,4.0,8.24661,0.1063,0.06,3709.0,0.54,89.65,0.25,2.41,27.87,0.0316
TOI-776 c,2.02,5.3,15.6653,0.1484,0.04,3709.0,0.54,89.51,0.27,2.99,42.75,0.0344
TrES-2 b,13.215833333333332,398.6152305882353,2.470614273333333,1.456735,0.003,5839.0,0.97,84.22666666666666,0.8229333333333333,1.7474266666666665,8.34655,0.12459833333333334
V1298 Tau b,10.22,203.41018,24.13861,0.5,0.112,4970.0,1.31,89.35,0.29,6.42,27.6,0.0713
WASP-12 b,21.297,466.719325,1.0914203,1.389,0.0,6360.0,1.6599999999999997,83.37,0.351,2.99592,3.039,0.11784999999999998
WASP-121 b,20.905,371.86018,1.2749255,1.551,0.0,6459.0,1.46,87.6,0.16,2.8872,3.754,0.12454
WASP-147 b,12.498,87.40325,4.60273,0.64,0.0,5702.0,1.43,87.9,0.31,4.3944,8.29,0.08
WASP-15 b,15.457,176.51058833333332,3.7521,0.969,0.08700000000000001,6300.0,1.4400000000000002,85.96,0.525,3.7128,7.4516,0.09842
WASP-160 B b,12.218,88.35674,3.7684952,1.663,0.0,5298.0,0.87,88.97,0.2,2.84424,11.25,0.129
WASP-164 b,12.644,676.9779,1.7771255,1.542,0.0,5806.0,0.93,82.73,0.8216,1.60368,6.5,0.1242
WASP-165 b,14.123,209.13214,3.465509,0.544,0.0,5599.0,1.75,84.9,0.53,4.176,5.93,0.0738
WASP-17 b,22.261,166.81937666666667,3.7354329999999996,1.672,0.11,6650.0,1.58,86.63,0.4,4.4232,6.8166,0.12929
WASP-173 A b,14.404,1137.8314,1.3866529,1.448,0.0,5767.0,1.1,86.5,0.3,2.3544,4.91,0.1203
WASP-178 b,21.745,487.86905,3.3448412,1.225,0.0,8640.0,1.8,84.45,0.628,3.6336,6.49,0.11066
WASP-18 b,14.0505,3310.1606125,0.9414525650000001,0.9784999999999999,0.00679,6416.0,1.34,82.05,0.4435,2.19568,3.3375,0.09877999999999999
WASP-19 b,15.861,361.1321775,0.78883852,2.077,0.0126,5616.0,1.01,79.08,0.6671,1.607,3.533,0.1441
WASP-2 b,12.072,283.596162,2.1522254,1.802,0.07,5150.0,0.82,84.73,0.737,1.7692799999999997,8.0128,0.1342
WASP-4 b,15.031,386.892788,1.3382299,2.3334,0.0182,5500.0,0.9,89.47,0.051000000000000004,2.12832,5.53128,0.15275
WASP-5 b,12.778,503.3552325,1.6284229,1.223,0.0351,5700.0,1.06,86.1,0.37,2.3712,5.495,0.1106
WASP-64 b,14.247,396.00771499999996,1.5732918,1.522,0.0,5400.0,1.06,86.57,0.322,2.39976,5.39,0.1234
WASP-68 b,13.9,316.44990333333334,5.084298,0.57,0.0,5911.0,1.6900000000000002,88.09999999999998,0.26,5.136,7.900000000000001,0.075
WASP-72 b,14.24,543.3411100000001,2.2167421,0.43,0.0,6250.0,1.98,81.6,0.59,3.7392,4.02,0.0656
WASP-73 b,13.002,701.2321233333333,4.08722,0.33,0.0,6036.0,2.07,87.40000000000002,0.26,5.592,5.73,0.057
WASP-77 A b,13.787,584.80429,1.36002854,1.7830000000000001,0.0074,5617.0,0.91,88.91000000000001,0.109,2.148,5.332,0.13354
WASP-8 b,11.635,721.844192,8.158715,1.276,0.31,5600.0,0.9399999999999998,88.55,0.604,4.3968,18.2149,0.11300000000000002
WASP-80 b,11.198,174.42224000000002,3.06785234,2.937,0.002,4143.0,0.59,89.02,0.215,2.131,12.63,0.17137
WASP-88 b,19.055,164.21056666666667,4.954,0.6999999999999998,0.0,6431.0,2.08,88.0,0.23,6.047999999999999,6.64,0.084
WD 1856+534 b,10.4,4386.054,1.4079405,56.65,0.0,4710.0,0.01,88.778,7.16,0.1333,336.0,7.28
XO-7 b,15.39,225.34147,2.8641424,0.909,0.038,6250.0,1.48,83.45,0.709,2.772,6.43,0.09532
pi Men c,2.042,4.1165275,6.2679,0.03,0.0,6037.0,1.1,87.456,0.59,2.953,13.38,0.01703
